dataset,model,accuracy,f1,roc_auc
bank,LightGBM,0.8531343283582089,0.8501827040194885,0.9237556360558903
