dataset,model,accuracy,f1,roc_auc
bank,XGBoost,0.8465671641791045,0.8416512630930376,0.921056619309978
