dataset,model,rmse,mae,r2
melb,CatBoost,302951.77831461857,162103.2687646811,0.7581690313038099
