dataset,model,rmse,mae,r2
melb,LightGBM,300302.6019740839,157208.1166250448,0.7623799441713425
