dataset,model,rmse,mae,r2
melb,RandomForest,309510.48000830517,161680.97473343444,0.7475847319800859
