dataset,model,accuracy,f1,roc_auc
bank,CatBoost,0.8507462686567164,0.8462484624846248,0.9267791638194518
