dataset,model,rmse,mae,r2
melb,XGBoost,302768.71526612074,158600.54485763377,0.7584612028111306
