dataset,model,rmse,mae,r2
boston,CatBoost,3.3162019699644123,2.005119445516038,0.861634579002891
