dataset,model,rmse,mae,r2
boston,XGBoost,3.2202104113246888,2.0655294004239537,0.8695289605083423
