dataset,model,rmse,mae,r2
boston,LightGBM,4.287493302290984,2.366539271424191,0.76871230278054
